{
  "project_info": {
    "project_number": "728544397059",
    "project_id": "quiz-app-2c11e",
    "storage_bucket": "quiz-app-2c11e.appspot.com"
  },
  "client": [
    {
      "client_info": {
        "mobilesdk_app_id": "1:728544397059:android:2fe9be8c36e299b18ccb36",
        "android_client_info": {
          "package_name": "com.example.quizapp"
        }
      },
      "oauth_client": [],
      "api_key": [
        {
          "current_key": "AIzaSyDR4WjDgUk88tfAV44rjRoSQg4b4xwveBQ"
        }
      ],
      "services": {
        "appinvite_service": {
          "other_platform_oauth_client": []
        }
      }
    }
  ],
  "configuration_version": "1"
}